{"cameraMode":{"drawMode":0,"name":"Shaded","section":"Shading Mode"},"sceneLighting":true,"audioPlay":false,"sceneViewState":{"m_AlwaysRefresh":false,"showFog":true,"showSkybox":true,"showFlares":true,"showImageEffects":true,"showParticleSystems":true,"showVisualEffectGraphs":true,"m_FxEnabled":false},"in2DMode":false,"pivot":{"x":19.030696868896486,"y":0.23976612091064454,"z":2.359516143798828},"rotation":{"x":0.002751096384599805,"y":0.8996410369873047,"z":-0.4365861415863037,"w":0.0056690736673772339},"size":11.46512222290039,"orthographic":false}