{"cameraMode":{"drawMode":0,"name":"Shaded","section":"Shading Mode"},"sceneLighting":true,"audioPlay":false,"sceneViewState":{"m_AlwaysRefresh":false,"showFog":true,"showSkybox":true,"showFlares":true,"showImageEffects":true,"showParticleSystems":true,"showVisualEffectGraphs":true,"m_FxEnabled":false},"in2DMode":false,"pivot":{"x":-14.285917282104493,"y":1.0750808715820313,"z":-0.11408281326293946},"rotation":{"x":-0.11244454979896546,"y":0.8874937295913696,"z":-0.310258686542511,"w":-0.32164767384529116},"size":2.5866310596466066,"orthographic":false}